강의명,강의 번호,노트 메모,복습,유형,이외 파일,자료
자바&스프링&리액트 풀스택 개발자 2 (자료형),챕터 2,"01_%25EC%259E%2590%25EB%25A3%258C%25ED%2598%2595.txt, 02_%25EB%25B3%2580%25EC%2588%2598.txt, 03_%25EC%2583%2581%25EC%2588%2598_%25EB%258D%25B0%25EC%259D%25B4%25ED%2584%25B0_%25EA%25B0%2592.txt, 04_%25EC%25A7%2584%25EB%25B2%2595.txt",No,강의,,ch02_dataType.zip
자바&스프링&리액트 풀스택 개발자 4 (제어문),챕터 4,01_%25EB%25AC%25B8%25EC%2584%259C%201.txt,No,강의,,ch04_Control.zip
자바&스프링&리액트 풀스택 개발자 1 (기초),챕터 1,"01_Java%25EA%25B5%2590%25EC%2595%2588.rtf, 02_%25EB%25AC%25B8%25EC%2584%259C.rtf",No,강의,,ch01.zip
자바&스프링&리액트 풀스택 개발자 6 (메서드),챕터 6,"02_%25EB%25AC%25B8%25EC%2584%259C%202.txt, 01_%25EB%25AC%25B8%25EC%2584%259C%203.txt",No,강의,,ch06_oop.zip
자바&스프링&리액트 풀스택 개발자 5 (배열),챕터 5,"02_%25EB%25AC%25B8%25EC%2584%259C%201.txt, 01_%25EB%25AC%25B8%25EC%2584%259C%202.txt",No,강의,,ch05_Array.zip
자바&스프링&리액트 풀스택 개발자 3 (명령),챕터 3,"01_%25EB%25AC%25B8%25EC%2584%259C.txt, 02_%25EB%25AC%25B8%25EC%2584%259C.txt, 03_%25EB%25AC%25B8%25EC%2584%259C.txt",No,강의,,ch03_operation.zip
자바&스프링&리액트 풀스택 개발자 7 (생성자),챕터 7,01_%25EB%25AC%25B8%25EC%2584%259C_txt.txt,No,강의,%25EC%259D%25B4%25EB%25A0%25A5%25EC%2584%259C%25EC%2597%2590_%25ED%2595%2584%25EC%259A%2594%25ED%2595%259C_%25EB%2582%25B4%25EC%2597%25AD%25EB%2593%25A4.txt,ch07_cons.zip
자바&스프링&리액트 풀스택 개발자 8,챕터 8,"%25EC%2583%2581%25EC%2586%258D.png, 04_%25EB%25AC%25B8%25EC%2584%259C_%25EC%2583%2581%25EC%2586%258D.txt, 01_%25EB%25AC%25B8%25EC%2584%259C%204.txt, 02_%25EB%25AC%25B8%25EC%2584%259C%203.txt, 03_%25EB%25AC%25B8%25EC%2584%259C%201.txt, 04_UML%25EC%25B0%25A8%25ED%258A%25B8.rtf, 04_%25EB%25AC%25B8%25EC%2584%259C.txt",No,강의,,ch08.zip
자바&스프링&리액트 풀스택 개발자 9 (인터페이스),챕터 9,"02_%25EB%25AC%25B8%25EC%2584%259C_%25EC%259D%25B8%25ED%2584%25B0%25ED%258E%2598%25EC%259D%25B4%25EC%258A%25A4.txt, 01_%25EB%25AC%25B8%25EC%2584%259C_%25EC%259D%25B8%25ED%2584%25B0%25ED%258E%2598%25EC%259D%25B4%25EC%258A%25A4.txt",No,강의,java_%25EC%258B%259C%25ED%2597%2598%25EB%25AC%25B8%25EC%25A0%259C_2.txt,"Test01_interface.java, Test02_interface.java"
자바&스프링&리액트 풀스택 개발자 10 (DAO),챕터 10,,No,강의,,"BoardDAO.java, BoardDAOImpl.java, Test01.java, Test03_abs.java"
자바&스프링&리액트 풀스택 개발자 10 (AWT),챕터 10,"15_awt_01.rtf, 16_%25EC%259D%25B4%25EB%25B2%25A4%25ED%258A%25B8%25EC%25A2%2585%25EB%25A5%2598%25EC%2599%2580%25ED%2595%25B4%25EB%258B%25B9%25EC%259D%25B8%25ED%2584%25B0%25ED%258E%2598%25EC%259D%25B4%25EC%258A%25A4_%25EB%25AC%25B8%25EC%2584%259C.rtf, 17_%25EC%259D%25B4%25EB%25B2%25A4%25ED%258A%25B8%25EC%25A2%2585%25EB%25A5%2598%25EC%2599%2580%25ED%2595%25B4%25EB%258B%25B9%25EC%259D%25B8%25ED%2584%25B0%25ED%258E%2598%25EC%259D%25B4%25EC%258A%25A4_%25EB%25AC%25B8%25EC%2584%259C1.rtf",No,강의,,ch10_awt.zip
자바&스프링&리액트 풀스택 개발자 11 (레이아웃),챕터 11,01_%25EB%25AC%25B8%25EC%2584%259C%205.txt,No,강의,,ch11_layout.zip
자바&스프링&리액트 풀스택 개발자 12(이벤트),챕터 12,,No,강의,,ch12_event.zip
자바&스프링&리액트 풀스택 개발자 13 (예외처리),챕터 13,"01_%25EB%25AC%25B8%25EC%2584%259C%206.txt, 02_%25EB%25AC%25B8%25EC%2584%259C%204.txt",No,강의,,ch13_exception.zip
자바&스프링&리액트 풀스택 개발자 14 (IO),챕터 14,"IO_%25EB%25AC%25B8%25EC%2584%259C.rtf, GUGUDAN.java",No,강의,,ch14_io.zip
자바&스프링&리액트 풀스택 개발자 15 (util),챕터 15,"01_%25EB%25AC%25B8%25EC%2584%259C%207.txt, 02_%25EB%25AC%25B8%25EC%2584%259C%205.txt",No,강의,,ch15_util.zip
자바&스프링&리액트 풀스택 개발자 16 (util2),챕터 16,"01_%25EB%25AC%25B8%25EC%2584%259C%208.txt, 02_%25EB%25AC%25B8%25EC%2584%259C%206.txt",No,강의,util_%25EC%2583%2581%25EC%2586%258D.rtf,ch16_util.zip
자바&스프링&리액트 풀스택 개발자 17 (Thread),챕터 17,01_%25EB%25AC%25B8%25EC%2584%259C%209.txt,No,강의,Thread.zip,ch17_thread.zip
자바&스프링&리액트 풀스택 개발자 18 (swing),챕터 18,,No,강의,"ch19_swing_01.rtf, ch18_swing_02.rtf",ch18_swing.zip
# 자바&스프링&리액트 풀스택 개발자 19 (Network),챕터 19,,No,강의,"ch20_03_network.rtf, 03_%25EB%2584%25A4%25ED%258A%25B8%25EC%259B%258C%25ED%2581%25AC_7%25EA%25B3%2584%25EC%25B8%25B5%25EC%2584%25A4%25EB%25AA%2585.rtf, ch20_01_network.rtf, ch20_02__network.rtf",ch19_network.zip
# 자바&스프링&리액트 풀스택 개발자 20 (Network2),챕터 20,,No,강의,"SQL%25EC%258B%25A4%25ED%2596%2589%25EB%25B2%2595.txt, %25EC%259A%2594%25EC%2595%25BD%25EC%25A0%2595%25EB%25A6%25AC%25EB%25B3%25B8.txt",ch20_network.zip
,,,No,,src.zip,
,,,No,,,
,,,No,,,
,,,No,,,
,,,No,,,
,,,No,,,
,,,No,,,
,,,No,,,
,,,No,,,
,,,No,,,
,,,No,,,
,,,No,,,
,,,No,,,
,,,No,,,